{
  "train_loss": [
    1.3393368124961853,
    1.2315804421901704,
    1.1813867568969727,
    1.147708433866501,
    1.1116860568523408
  ],
  "train_dice_score": [
    0.42680186456462527,
    0.4952043075862583,
    0.4968238435880211,
    0.5043150312746416,
    0.514999259596689
  ],
  "train_iou": [
    0.3015925537756342,
    0.3582041281450349,
    0.3621917160217495,
    0.3667901544356405,
    0.3744688908758843
  ],
  "val_loss": [
    1.6452054977416992,
    1.4882056713104248,
    1.7428786754608154,
    2.1790740489959717,
    2.0517332553863525
  ],
  "val_dice_score": [
    0.011677934857009234,
    2.9850746259746044e-10,
    0.013319011822317801,
    0.02272058391298652,
    0.01608787577093954
  ],
  "val_iou": [
    0.005873261213246728,
    2.9850746259746044e-10,
    0.006704152256295385,
    0.011490831156159259,
    0.008109167526561543
  ]
}